{
  "dqn": {
    "model_type": "dqn",
    "n_episodes": 30,
    "average_reward": -47.98333333333346,
    "std_reward": 49.16985582877213,
    "min_reward": -102.0000000000003,
    "max_reward": -2.0000000000000013,
    "average_length": 200.0,
    "std_length": 0.0,
    "success_rate": 0.0,
    "average_exploration": 0.010500000000000002,
    "action_distribution": {
      "0": 1401,
      "1": 1426,
      "2": 1381,
      "3": 1792,
      "4": 0,
      "5": 0
    },
    "convergence_stability": 47.665920740084445,
    "garbage_collected_avg": 0,
    "episode_rewards": [
      -101.00000000000028,
      -2.0000000000000013,
      -2.0000000000000013,
      -2.0000000000000013,
      -101.00000000000028,
      -100.50000000000028,
      -101.00000000000028,
      -2.0000000000000013,
      -2.0000000000000013,
      -100.00000000000028,
      -102.0000000000003,
      -101.5000000000003,
      -2.0000000000000013,
      -101.00000000000028,
      -101.00000000000028,
      -2.0000000000000013,
      -2.0000000000000013,
      -2.0000000000000013,
      -101.5000000000003,
      -2.0000000000000013,
      -99.50000000000027,
      -100.00000000000028,
      -2.0000000000000013,
      -102.0000000000003,
      -2.0000000000000013,
      -95.50000000000023,
      -2.0000000000000013,
      -2.0000000000000013,
      -2.0000000000000013,
      -2.0000000000000013
    ],
    "episode_lengths": [
      200,
      200,
      200,
      200,
      200,
      200,
      200,
      200,
      200,
      200,
      200,
      200,
      200,
      200,
      200,
      200,
      200,
      200,
      200,
      200,
      200,
      200,
      200,
      200,
      200,
      200,
      200,
      200,
      200,
      200
    ]
  },
  "ppo": {
    "model_type": "ppo",
    "n_episodes": 30,
    "average_reward": -64.26666666666684,
    "std_reward": 47.391583875433355,
    "min_reward": -102.0000000000003,
    "max_reward": -2.0000000000000013,
    "average_length": 200.0,
    "std_length": 0.0,
    "success_rate": 0.0,
    "average_exploration": 0.009500000000000001,
    "action_distribution": {
      "0": 2887,
      "1": 0,
      "2": 2063,
      "3": 1050,
      "4": 0,
      "5": 0
    },
    "convergence_stability": 45.068392471886675,
    "garbage_collected_avg": 0,
    "episode_rewards": [
      -101.5000000000003,
      -100.50000000000028,
      -2.0000000000000013,
      -100.50000000000028,
      -102.0000000000003,
      -2.0000000000000013,
      -2.0000000000000013,
      -2.0000000000000013,
      -2.0000000000000013,
      -2.0000000000000013,
      -99.50000000000027,
      -2.0000000000000013,
      -99.00000000000027,
      -98.50000000000027,
      -100.50000000000028,
      -101.00000000000028,
      -101.5000000000003,
      -99.00000000000027,
      -100.50000000000028,
      -2.0000000000000013,
      -2.0000000000000013,
      -100.00000000000028,
      -101.00000000000028,
      -2.0000000000000013,
      -101.00000000000028,
      -102.0000000000003,
      -102.0000000000003,
      -100.00000000000028,
      -2.0000000000000013,
      -96.00000000000024
    ],
    "episode_lengths": [
      200,
      200,
      200,
      200,
      200,
      200,
      200,
      200,
      200,
      200,
      200,
      200,
      200,
      200,
      200,
      200,
      200,
      200,
      200,
      200,
      200,
      200,
      200,
      200,
      200,
      200,
      200,
      200,
      200,
      200
    ]
  },
  "a2c": {
    "model_type": "a2c",
    "n_episodes": 30,
    "average_reward": -57.683333333333486,
    "std_reward": 48.70583184337959,
    "min_reward": -102.0000000000003,
    "max_reward": -2.0000000000000013,
    "average_length": 200.0,
    "std_length": 0.0,
    "success_rate": 0.0,
    "average_exploration": 0.009500000000000003,
    "action_distribution": {
      "0": 1392,
      "1": 0,
      "2": 3139,
      "3": 1469,
      "4": 0,
      "5": 0
    },
    "convergence_stability": 45.14889256670657,
    "garbage_collected_avg": 0,
    "episode_rewards": [
      -2.0000000000000013,
      -98.50000000000027,
      -97.00000000000024,
      -2.0000000000000013,
      -2.0000000000000013,
      -101.5000000000003,
      -100.50000000000028,
      -2.0000000000000013,
      -102.0000000000003,
      -2.0000000000000013,
      -2.0000000000000013,
      -99.50000000000027,
      -2.0000000000000013,
      -2.0000000000000013,
      -2.0000000000000013,
      -99.50000000000027,
      -102.0000000000003,
      -2.0000000000000013,
      -99.00000000000027,
      -101.5000000000003,
      -2.0000000000000013,
      -99.50000000000027,
      -101.5000000000003,
      -100.50000000000028,
      -2.0000000000000013,
      -100.00000000000028,
      -102.0000000000003,
      -101.5000000000003,
      -98.50000000000027,
      -2.0000000000000013
    ],
    "episode_lengths": [
      200,
      200,
      200,
      200,
      200,
      200,
      200,
      200,
      200,
      200,
      200,
      200,
      200,
      200,
      200,
      200,
      200,
      200,
      200,
      200,
      200,
      200,
      200,
      200,
      200,
      200,
      200,
      200,
      200,
      200
    ]
  }
}